year: 2023
generated_at: '2025-09-01 00:26:27'
holidays:
- date: '2023-01-01'
  weekday: 星期日
  holiday: 1
  name: 開國紀念日
- date: '2023-01-02'
  weekday: 星期一
  holiday: 1
  name: 補假
- date: '2023-01-08'
  weekday: 星期日
  holiday: 1
  name: 例假日
- date: '2023-01-14'
  weekday: 星期六
  holiday: 1
  name: 例假日
- date: '2023-01-15'
  weekday: 星期日
  holiday: 1
  name: 例假日
- date: '2023-01-20'
  weekday: 星期五
  holiday: 1
  name: 小年夜
- date: '2023-01-21'
  weekday: 星期六
  holiday: 1
  name: 農曆除夕
- date: '2023-01-22'
  weekday: 星期日
  holiday: 1
  name: 春節
- date: '2023-01-23'
  weekday: 星期一
  holiday: 1
  name: 春節
- date: '2023-01-24'
  weekday: 星期二
  holiday: 1
  name: 春節
- date: '2023-01-25'
  weekday: 星期三
  holiday: 1
  name: 補假
- date: '2023-01-26'
  weekday: 星期四
  holiday: 1
  name: 補假
- date: '2023-01-27'
  weekday: 星期五
  holiday: 1
  name: 調整放假
- date: '2023-01-28'
  weekday: 星期六
  holiday: 1
  name: 例假日
- date: '2023-01-29'
  weekday: 星期日
  holiday: 1
  name: 例假日
- date: '2023-02-05'
  weekday: 星期日
  holiday: 1
  name: 例假日
- date: '2023-02-11'
  weekday: 星期六
  holiday: 1
  name: 例假日
- date: '2023-02-12'
  weekday: 星期日
  holiday: 1
  name: 例假日
- date: '2023-02-19'
  weekday: 星期日
  holiday: 1
  name: 例假日
- date: '2023-02-25'
  weekday: 星期六
  holiday: 1
  name: 例假日
- date: '2023-02-26'
  weekday: 星期日
  holiday: 1
  name: 例假日
- date: '2023-02-27'
  weekday: 星期一
  holiday: 1
  name: 調整放假
- date: '2023-02-28'
  weekday: 星期二
  holiday: 1
  name: 和平紀念日
- date: '2023-03-04'
  weekday: 星期六
  holiday: 1
  name: 例假日
- date: '2023-03-05'
  weekday: 星期日
  holiday: 1
  name: 例假日
- date: '2023-03-11'
  weekday: 星期六
  holiday: 1
  name: 例假日
- date: '2023-03-12'
  weekday: 星期日
  holiday: 1
  name: 例假日
- date: '2023-03-18'
  weekday: 星期六
  holiday: 1
  name: 例假日
- date: '2023-03-19'
  weekday: 星期日
  holiday: 1
  name: 例假日
- date: '2023-03-26'
  weekday: 星期日
  holiday: 1
  name: 例假日
- date: '2023-04-01'
  weekday: 星期六
  holiday: 1
  name: 例假日
- date: '2023-04-02'
  weekday: 星期日
  holiday: 1
  name: 例假日
- date: '2023-04-03'
  weekday: 星期一
  holiday: 1
  name: 調整放假
- date: '2023-04-04'
  weekday: 星期二
  holiday: 1
  name: 兒童節
- date: '2023-04-05'
  weekday: 星期三
  holiday: 1
  name: 民族掃墓節
- date: '2023-04-08'
  weekday: 星期六
  holiday: 1
  name: 例假日
- date: '2023-04-09'
  weekday: 星期日
  holiday: 1
  name: 例假日
- date: '2023-04-15'
  weekday: 星期六
  holiday: 1
  name: 例假日
- date: '2023-04-16'
  weekday: 星期日
  holiday: 1
  name: 例假日
- date: '2023-04-22'
  weekday: 星期六
  holiday: 1
  name: 例假日
- date: '2023-04-23'
  weekday: 星期日
  holiday: 1
  name: 例假日
- date: '2023-04-29'
  weekday: 星期六
  holiday: 1
  name: 例假日
- date: '2023-04-30'
  weekday: 星期日
  holiday: 1
  name: 例假日
- date: '2023-05-06'
  weekday: 星期六
  holiday: 1
  name: 例假日
- date: '2023-05-07'
  weekday: 星期日
  holiday: 1
  name: 例假日
- date: '2023-05-13'
  weekday: 星期六
  holiday: 1
  name: 例假日
- date: '2023-05-14'
  weekday: 星期日
  holiday: 1
  name: 例假日
- date: '2023-05-20'
  weekday: 星期六
  holiday: 1
  name: 例假日
- date: '2023-05-21'
  weekday: 星期日
  holiday: 1
  name: 例假日
- date: '2023-05-27'
  weekday: 星期六
  holiday: 1
  name: 例假日
- date: '2023-05-28'
  weekday: 星期日
  holiday: 1
  name: 例假日
- date: '2023-06-03'
  weekday: 星期六
  holiday: 1
  name: 例假日
- date: '2023-06-04'
  weekday: 星期日
  holiday: 1
  name: 例假日
- date: '2023-06-10'
  weekday: 星期六
  holiday: 1
  name: 例假日
- date: '2023-06-11'
  weekday: 星期日
  holiday: 1
  name: 例假日
- date: '2023-06-18'
  weekday: 星期日
  holiday: 1
  name: 例假日
- date: '2023-06-22'
  weekday: 星期四
  holiday: 1
  name: 端午節
- date: '2023-06-23'
  weekday: 星期五
  holiday: 1
  name: 調整放假
- date: '2023-06-24'
  weekday: 星期六
  holiday: 1
  name: 例假日
- date: '2023-06-25'
  weekday: 星期日
  holiday: 1
  name: 例假日
- date: '2023-07-01'
  weekday: 星期六
  holiday: 1
  name: 例假日
- date: '2023-07-02'
  weekday: 星期日
  holiday: 1
  name: 例假日
- date: '2023-07-08'
  weekday: 星期六
  holiday: 1
  name: 例假日
- date: '2023-07-09'
  weekday: 星期日
  holiday: 1
  name: 例假日
- date: '2023-07-15'
  weekday: 星期六
  holiday: 1
  name: 例假日
- date: '2023-07-16'
  weekday: 星期日
  holiday: 1
  name: 例假日
- date: '2023-07-22'
  weekday: 星期六
  holiday: 1
  name: 例假日
- date: '2023-07-23'
  weekday: 星期日
  holiday: 1
  name: 例假日
- date: '2023-07-29'
  weekday: 星期六
  holiday: 1
  name: 例假日
- date: '2023-07-30'
  weekday: 星期日
  holiday: 1
  name: 例假日
- date: '2023-08-05'
  weekday: 星期六
  holiday: 1
  name: 例假日
- date: '2023-08-06'
  weekday: 星期日
  holiday: 1
  name: 例假日
- date: '2023-08-12'
  weekday: 星期六
  holiday: 1
  name: 例假日
- date: '2023-08-13'
  weekday: 星期日
  holiday: 1
  name: 例假日
- date: '2023-08-19'
  weekday: 星期六
  holiday: 1
  name: 例假日
- date: '2023-08-20'
  weekday: 星期日
  holiday: 1
  name: 例假日
- date: '2023-08-26'
  weekday: 星期六
  holiday: 1
  name: 例假日
- date: '2023-08-27'
  weekday: 星期日
  holiday: 1
  name: 例假日
- date: '2023-09-02'
  weekday: 星期六
  holiday: 1
  name: 例假日
- date: '2023-09-03'
  weekday: 星期日
  holiday: 1
  name: 例假日
- date: '2023-09-09'
  weekday: 星期六
  holiday: 1
  name: 例假日
- date: '2023-09-10'
  weekday: 星期日
  holiday: 1
  name: 例假日
- date: '2023-09-16'
  weekday: 星期六
  holiday: 1
  name: 例假日
- date: '2023-09-17'
  weekday: 星期日
  holiday: 1
  name: 例假日
- date: '2023-09-24'
  weekday: 星期日
  holiday: 1
  name: 例假日
- date: '2023-09-29'
  weekday: 星期五
  holiday: 1
  name: 中秋節
- date: '2023-09-30'
  weekday: 星期六
  holiday: 1
  name: 例假日
- date: '2023-10-01'
  weekday: 星期日
  holiday: 1
  name: 例假日
- date: '2023-10-07'
  weekday: 星期六
  holiday: 1
  name: 例假日
- date: '2023-10-08'
  weekday: 星期日
  holiday: 1
  name: 例假日
- date: '2023-10-09'
  weekday: 星期一
  holiday: 1
  name: 調整放假
- date: '2023-10-10'
  weekday: 星期二
  holiday: 1
  name: 國慶日
- date: '2023-10-14'
  weekday: 星期六
  holiday: 1
  name: 例假日
- date: '2023-10-15'
  weekday: 星期日
  holiday: 1
  name: 例假日
- date: '2023-10-21'
  weekday: 星期六
  holiday: 1
  name: 例假日
- date: '2023-10-22'
  weekday: 星期日
  holiday: 1
  name: 例假日
- date: '2023-10-28'
  weekday: 星期六
  holiday: 1
  name: 例假日
- date: '2023-10-29'
  weekday: 星期日
  holiday: 1
  name: 例假日
- date: '2023-11-04'
  weekday: 星期六
  holiday: 1
  name: 例假日
- date: '2023-11-05'
  weekday: 星期日
  holiday: 1
  name: 例假日
- date: '2023-11-11'
  weekday: 星期六
  holiday: 1
  name: 例假日
- date: '2023-11-12'
  weekday: 星期日
  holiday: 1
  name: 例假日
- date: '2023-11-18'
  weekday: 星期六
  holiday: 1
  name: 例假日
- date: '2023-11-19'
  weekday: 星期日
  holiday: 1
  name: 例假日
- date: '2023-11-25'
  weekday: 星期六
  holiday: 1
  name: 例假日
- date: '2023-11-26'
  weekday: 星期日
  holiday: 1
  name: 例假日
- date: '2023-12-02'
  weekday: 星期六
  holiday: 1
  name: 例假日
- date: '2023-12-03'
  weekday: 星期日
  holiday: 1
  name: 例假日
- date: '2023-12-09'
  weekday: 星期六
  holiday: 1
  name: 例假日
- date: '2023-12-10'
  weekday: 星期日
  holiday: 1
  name: 例假日
- date: '2023-12-16'
  weekday: 星期六
  holiday: 1
  name: 例假日
- date: '2023-12-17'
  weekday: 星期日
  holiday: 1
  name: 例假日
- date: '2023-12-23'
  weekday: 星期六
  holiday: 1
  name: 例假日
- date: '2023-12-24'
  weekday: 星期日
  holiday: 1
  name: 例假日
- date: '2023-12-30'
  weekday: 星期六
  holiday: 1
  name: 例假日
- date: '2023-12-31'
  weekday: 星期日
  holiday: 1
  name: 例假日
special_working_days:
- date: '2023-01-07'
  weekday: 星期六
  holiday: 0
  note: 補行上班
- date: '2023-02-04'
  weekday: 星期六
  holiday: 0
  note: 補行上班
- date: '2023-02-18'
  weekday: 星期六
  holiday: 0
  note: 補行上班
- date: '2023-03-25'
  weekday: 星期六
  holiday: 0
  note: 補行上班
- date: '2023-06-17'
  weekday: 星期六
  holiday: 0
  note: 補行上班
- date: '2023-09-23'
  weekday: 星期六
  holiday: 0
  note: 補行上班
