year: 2022
generated_at: '2025-10-01 00:24:08'
holidays:
- date: '2022-01-01'
  weekday: 星期六
  holiday: 1
  name: 開國紀念日
- date: '2022-01-02'
  weekday: 星期日
  holiday: 1
  name: 例假日
- date: '2022-01-08'
  weekday: 星期六
  holiday: 1
  name: 例假日
- date: '2022-01-09'
  weekday: 星期日
  holiday: 1
  name: 例假日
- date: '2022-01-15'
  weekday: 星期六
  holiday: 1
  name: 例假日
- date: '2022-01-16'
  weekday: 星期日
  holiday: 1
  name: 例假日
- date: '2022-01-23'
  weekday: 星期日
  holiday: 1
  name: 例假日
- date: '2022-01-29'
  weekday: 星期六
  holiday: 1
  name: 例假日
- date: '2022-01-30'
  weekday: 星期日
  holiday: 1
  name: 例假日
- date: '2022-01-31'
  weekday: 星期一
  holiday: 1
  name: 農曆除夕
- date: '2022-02-01'
  weekday: 星期二
  holiday: 1
  name: 春節
- date: '2022-02-02'
  weekday: 星期三
  holiday: 1
  name: 春節
- date: '2022-02-03'
  weekday: 星期四
  holiday: 1
  name: 春節
- date: '2022-02-04'
  weekday: 星期五
  holiday: 1
  name: 調整放假
- date: '2022-02-05'
  weekday: 星期六
  holiday: 1
  name: 例假日
- date: '2022-02-06'
  weekday: 星期日
  holiday: 1
  name: 例假日
- date: '2022-02-12'
  weekday: 星期六
  holiday: 1
  name: 例假日
- date: '2022-02-13'
  weekday: 星期日
  holiday: 1
  name: 例假日
- date: '2022-02-19'
  weekday: 星期六
  holiday: 1
  name: 例假日
- date: '2022-02-20'
  weekday: 星期日
  holiday: 1
  name: 例假日
- date: '2022-02-26'
  weekday: 星期六
  holiday: 1
  name: 例假日
- date: '2022-02-27'
  weekday: 星期日
  holiday: 1
  name: 例假日
- date: '2022-02-28'
  weekday: 星期一
  holiday: 1
  name: 和平紀念日
- date: '2022-03-05'
  weekday: 星期六
  holiday: 1
  name: 例假日
- date: '2022-03-06'
  weekday: 星期日
  holiday: 1
  name: 例假日
- date: '2022-03-12'
  weekday: 星期六
  holiday: 1
  name: 例假日
- date: '2022-03-13'
  weekday: 星期日
  holiday: 1
  name: 例假日
- date: '2022-03-19'
  weekday: 星期六
  holiday: 1
  name: 例假日
- date: '2022-03-20'
  weekday: 星期日
  holiday: 1
  name: 例假日
- date: '2022-03-26'
  weekday: 星期六
  holiday: 1
  name: 例假日
- date: '2022-03-27'
  weekday: 星期日
  holiday: 1
  name: 例假日
- date: '2022-04-02'
  weekday: 星期六
  holiday: 1
  name: 例假日
- date: '2022-04-03'
  weekday: 星期日
  holiday: 1
  name: 例假日
- date: '2022-04-04'
  weekday: 星期一
  holiday: 1
  name: 兒童節
- date: '2022-04-05'
  weekday: 星期二
  holiday: 1
  name: 民族掃墓節
- date: '2022-04-09'
  weekday: 星期六
  holiday: 1
  name: 例假日
- date: '2022-04-10'
  weekday: 星期日
  holiday: 1
  name: 例假日
- date: '2022-04-16'
  weekday: 星期六
  holiday: 1
  name: 例假日
- date: '2022-04-17'
  weekday: 星期日
  holiday: 1
  name: 例假日
- date: '2022-04-23'
  weekday: 星期六
  holiday: 1
  name: 例假日
- date: '2022-04-24'
  weekday: 星期日
  holiday: 1
  name: 例假日
- date: '2022-04-30'
  weekday: 星期六
  holiday: 1
  name: 例假日
- date: '2022-05-01'
  weekday: 星期日
  holiday: 1
  name: 例假日
- date: '2022-05-07'
  weekday: 星期六
  holiday: 1
  name: 例假日
- date: '2022-05-08'
  weekday: 星期日
  holiday: 1
  name: 例假日
- date: '2022-05-14'
  weekday: 星期六
  holiday: 1
  name: 例假日
- date: '2022-05-15'
  weekday: 星期日
  holiday: 1
  name: 例假日
- date: '2022-05-21'
  weekday: 星期六
  holiday: 1
  name: 例假日
- date: '2022-05-22'
  weekday: 星期日
  holiday: 1
  name: 例假日
- date: '2022-05-28'
  weekday: 星期六
  holiday: 1
  name: 例假日
- date: '2022-05-29'
  weekday: 星期日
  holiday: 1
  name: 例假日
- date: '2022-06-03'
  weekday: 星期五
  holiday: 1
  name: 端午節
- date: '2022-06-04'
  weekday: 星期六
  holiday: 1
  name: 例假日
- date: '2022-06-05'
  weekday: 星期日
  holiday: 1
  name: 例假日
- date: '2022-06-11'
  weekday: 星期六
  holiday: 1
  name: 例假日
- date: '2022-06-12'
  weekday: 星期日
  holiday: 1
  name: 例假日
- date: '2022-06-18'
  weekday: 星期六
  holiday: 1
  name: 例假日
- date: '2022-06-19'
  weekday: 星期日
  holiday: 1
  name: 例假日
- date: '2022-06-25'
  weekday: 星期六
  holiday: 1
  name: 例假日
- date: '2022-06-26'
  weekday: 星期日
  holiday: 1
  name: 例假日
- date: '2022-07-02'
  weekday: 星期六
  holiday: 1
  name: 例假日
- date: '2022-07-03'
  weekday: 星期日
  holiday: 1
  name: 例假日
- date: '2022-07-09'
  weekday: 星期六
  holiday: 1
  name: 例假日
- date: '2022-07-10'
  weekday: 星期日
  holiday: 1
  name: 例假日
- date: '2022-07-16'
  weekday: 星期六
  holiday: 1
  name: 例假日
- date: '2022-07-17'
  weekday: 星期日
  holiday: 1
  name: 例假日
- date: '2022-07-23'
  weekday: 星期六
  holiday: 1
  name: 例假日
- date: '2022-07-24'
  weekday: 星期日
  holiday: 1
  name: 例假日
- date: '2022-07-30'
  weekday: 星期六
  holiday: 1
  name: 例假日
- date: '2022-07-31'
  weekday: 星期日
  holiday: 1
  name: 例假日
- date: '2022-08-06'
  weekday: 星期六
  holiday: 1
  name: 例假日
- date: '2022-08-07'
  weekday: 星期日
  holiday: 1
  name: 例假日
- date: '2022-08-13'
  weekday: 星期六
  holiday: 1
  name: 例假日
- date: '2022-08-14'
  weekday: 星期日
  holiday: 1
  name: 例假日
- date: '2022-08-20'
  weekday: 星期六
  holiday: 1
  name: 例假日
- date: '2022-08-21'
  weekday: 星期日
  holiday: 1
  name: 例假日
- date: '2022-08-27'
  weekday: 星期六
  holiday: 1
  name: 例假日
- date: '2022-08-28'
  weekday: 星期日
  holiday: 1
  name: 例假日
- date: '2022-09-03'
  weekday: 星期六
  holiday: 1
  name: 例假日
- date: '2022-09-04'
  weekday: 星期日
  holiday: 1
  name: 例假日
- date: '2022-09-09'
  weekday: 星期五
  holiday: 1
  name: 補假
- date: '2022-09-10'
  weekday: 星期六
  holiday: 1
  name: 中秋節
- date: '2022-09-11'
  weekday: 星期日
  holiday: 1
  name: 例假日
- date: '2022-09-17'
  weekday: 星期六
  holiday: 1
  name: 例假日
- date: '2022-09-18'
  weekday: 星期日
  holiday: 1
  name: 例假日
- date: '2022-09-24'
  weekday: 星期六
  holiday: 1
  name: 例假日
- date: '2022-09-25'
  weekday: 星期日
  holiday: 1
  name: 例假日
- date: '2022-10-01'
  weekday: 星期六
  holiday: 1
  name: 例假日
- date: '2022-10-02'
  weekday: 星期日
  holiday: 1
  name: 例假日
- date: '2022-10-08'
  weekday: 星期六
  holiday: 1
  name: 例假日
- date: '2022-10-09'
  weekday: 星期日
  holiday: 1
  name: 例假日
- date: '2022-10-10'
  weekday: 星期一
  holiday: 1
  name: 國慶日
- date: '2022-10-15'
  weekday: 星期六
  holiday: 1
  name: 例假日
- date: '2022-10-16'
  weekday: 星期日
  holiday: 1
  name: 例假日
- date: '2022-10-22'
  weekday: 星期六
  holiday: 1
  name: 例假日
- date: '2022-10-23'
  weekday: 星期日
  holiday: 1
  name: 例假日
- date: '2022-10-29'
  weekday: 星期六
  holiday: 1
  name: 例假日
- date: '2022-10-30'
  weekday: 星期日
  holiday: 1
  name: 例假日
- date: '2022-11-05'
  weekday: 星期六
  holiday: 1
  name: 例假日
- date: '2022-11-06'
  weekday: 星期日
  holiday: 1
  name: 例假日
- date: '2022-11-12'
  weekday: 星期六
  holiday: 1
  name: 例假日
- date: '2022-11-13'
  weekday: 星期日
  holiday: 1
  name: 例假日
- date: '2022-11-19'
  weekday: 星期六
  holiday: 1
  name: 例假日
- date: '2022-11-20'
  weekday: 星期日
  holiday: 1
  name: 例假日
- date: '2022-11-26'
  weekday: 星期六
  holiday: 1
  name: 例假日
- date: '2022-11-27'
  weekday: 星期日
  holiday: 1
  name: 例假日
- date: '2022-12-03'
  weekday: 星期六
  holiday: 1
  name: 例假日
- date: '2022-12-04'
  weekday: 星期日
  holiday: 1
  name: 例假日
- date: '2022-12-10'
  weekday: 星期六
  holiday: 1
  name: 例假日
- date: '2022-12-11'
  weekday: 星期日
  holiday: 1
  name: 例假日
- date: '2022-12-17'
  weekday: 星期六
  holiday: 1
  name: 例假日
- date: '2022-12-18'
  weekday: 星期日
  holiday: 1
  name: 例假日
- date: '2022-12-24'
  weekday: 星期六
  holiday: 1
  name: 例假日
- date: '2022-12-25'
  weekday: 星期日
  holiday: 1
  name: 例假日
- date: '2022-12-31'
  weekday: 星期六
  holiday: 1
  name: 例假日
special_working_days:
- date: '2022-01-22'
  weekday: 星期六
  holiday: 0
  note: 補行上班
