year: 2026
generated_at: '2025-12-01 00:28:11'
holidays:
- date: '2026-01-01'
  weekday: 星期四
  holiday: 1
  name: 開國紀念日
- date: '2026-01-03'
  weekday: 星期六
  holiday: 1
  name: 例假日
- date: '2026-01-04'
  weekday: 星期日
  holiday: 1
  name: 例假日
- date: '2026-01-10'
  weekday: 星期六
  holiday: 1
  name: 例假日
- date: '2026-01-11'
  weekday: 星期日
  holiday: 1
  name: 例假日
- date: '2026-01-17'
  weekday: 星期六
  holiday: 1
  name: 例假日
- date: '2026-01-18'
  weekday: 星期日
  holiday: 1
  name: 例假日
- date: '2026-01-24'
  weekday: 星期六
  holiday: 1
  name: 例假日
- date: '2026-01-25'
  weekday: 星期日
  holiday: 1
  name: 例假日
- date: '2026-01-31'
  weekday: 星期六
  holiday: 1
  name: 例假日
- date: '2026-02-01'
  weekday: 星期日
  holiday: 1
  name: 例假日
- date: '2026-02-07'
  weekday: 星期六
  holiday: 1
  name: 例假日
- date: '2026-02-08'
  weekday: 星期日
  holiday: 1
  name: 例假日
- date: '2026-02-14'
  weekday: 星期六
  holiday: 1
  name: 例假日
- date: '2026-02-15'
  weekday: 星期日
  holiday: 1
  name: 小年夜
- date: '2026-02-16'
  weekday: 星期一
  holiday: 1
  name: 農曆除夕
- date: '2026-02-17'
  weekday: 星期二
  holiday: 1
  name: 春節
- date: '2026-02-18'
  weekday: 星期三
  holiday: 1
  name: 春節
- date: '2026-02-19'
  weekday: 星期四
  holiday: 1
  name: 春節
- date: '2026-02-20'
  weekday: 星期五
  holiday: 1
  name: 補假
- date: '2026-02-21'
  weekday: 星期六
  holiday: 1
  name: 例假日
- date: '2026-02-22'
  weekday: 星期日
  holiday: 1
  name: 例假日
- date: '2026-02-27'
  weekday: 星期五
  holiday: 1
  name: 補假
- date: '2026-02-28'
  weekday: 星期六
  holiday: 1
  name: 和平紀念日
- date: '2026-03-01'
  weekday: 星期日
  holiday: 1
  name: 例假日
- date: '2026-03-07'
  weekday: 星期六
  holiday: 1
  name: 例假日
- date: '2026-03-08'
  weekday: 星期日
  holiday: 1
  name: 例假日
- date: '2026-03-14'
  weekday: 星期六
  holiday: 1
  name: 例假日
- date: '2026-03-15'
  weekday: 星期日
  holiday: 1
  name: 例假日
- date: '2026-03-21'
  weekday: 星期六
  holiday: 1
  name: 例假日
- date: '2026-03-22'
  weekday: 星期日
  holiday: 1
  name: 例假日
- date: '2026-03-28'
  weekday: 星期六
  holiday: 1
  name: 例假日
- date: '2026-03-29'
  weekday: 星期日
  holiday: 1
  name: 例假日
- date: '2026-04-03'
  weekday: 星期五
  holiday: 1
  name: 補假
- date: '2026-04-04'
  weekday: 星期六
  holiday: 1
  name: 兒童節
- date: '2026-04-05'
  weekday: 星期日
  holiday: 1
  name: 清明節
- date: '2026-04-06'
  weekday: 星期一
  holiday: 1
  name: 補假
- date: '2026-04-11'
  weekday: 星期六
  holiday: 1
  name: 例假日
- date: '2026-04-12'
  weekday: 星期日
  holiday: 1
  name: 例假日
- date: '2026-04-18'
  weekday: 星期六
  holiday: 1
  name: 例假日
- date: '2026-04-19'
  weekday: 星期日
  holiday: 1
  name: 例假日
- date: '2026-04-25'
  weekday: 星期六
  holiday: 1
  name: 例假日
- date: '2026-04-26'
  weekday: 星期日
  holiday: 1
  name: 例假日
- date: '2026-05-01'
  weekday: 星期五
  holiday: 1
  name: 勞動節
- date: '2026-05-02'
  weekday: 星期六
  holiday: 1
  name: 例假日
- date: '2026-05-03'
  weekday: 星期日
  holiday: 1
  name: 例假日
- date: '2026-05-09'
  weekday: 星期六
  holiday: 1
  name: 例假日
- date: '2026-05-10'
  weekday: 星期日
  holiday: 1
  name: 例假日
- date: '2026-05-16'
  weekday: 星期六
  holiday: 1
  name: 例假日
- date: '2026-05-17'
  weekday: 星期日
  holiday: 1
  name: 例假日
- date: '2026-05-23'
  weekday: 星期六
  holiday: 1
  name: 例假日
- date: '2026-05-24'
  weekday: 星期日
  holiday: 1
  name: 例假日
- date: '2026-05-30'
  weekday: 星期六
  holiday: 1
  name: 例假日
- date: '2026-05-31'
  weekday: 星期日
  holiday: 1
  name: 例假日
- date: '2026-06-06'
  weekday: 星期六
  holiday: 1
  name: 例假日
- date: '2026-06-07'
  weekday: 星期日
  holiday: 1
  name: 例假日
- date: '2026-06-13'
  weekday: 星期六
  holiday: 1
  name: 例假日
- date: '2026-06-14'
  weekday: 星期日
  holiday: 1
  name: 例假日
- date: '2026-06-19'
  weekday: 星期五
  holiday: 1
  name: 端午節
- date: '2026-06-20'
  weekday: 星期六
  holiday: 1
  name: 例假日
- date: '2026-06-21'
  weekday: 星期日
  holiday: 1
  name: 例假日
- date: '2026-06-27'
  weekday: 星期六
  holiday: 1
  name: 例假日
- date: '2026-06-28'
  weekday: 星期日
  holiday: 1
  name: 例假日
- date: '2026-07-04'
  weekday: 星期六
  holiday: 1
  name: 例假日
- date: '2026-07-05'
  weekday: 星期日
  holiday: 1
  name: 例假日
- date: '2026-07-11'
  weekday: 星期六
  holiday: 1
  name: 例假日
- date: '2026-07-12'
  weekday: 星期日
  holiday: 1
  name: 例假日
- date: '2026-07-18'
  weekday: 星期六
  holiday: 1
  name: 例假日
- date: '2026-07-19'
  weekday: 星期日
  holiday: 1
  name: 例假日
- date: '2026-07-25'
  weekday: 星期六
  holiday: 1
  name: 例假日
- date: '2026-07-26'
  weekday: 星期日
  holiday: 1
  name: 例假日
- date: '2026-08-01'
  weekday: 星期六
  holiday: 1
  name: 例假日
- date: '2026-08-02'
  weekday: 星期日
  holiday: 1
  name: 例假日
- date: '2026-08-08'
  weekday: 星期六
  holiday: 1
  name: 例假日
- date: '2026-08-09'
  weekday: 星期日
  holiday: 1
  name: 例假日
- date: '2026-08-15'
  weekday: 星期六
  holiday: 1
  name: 例假日
- date: '2026-08-16'
  weekday: 星期日
  holiday: 1
  name: 例假日
- date: '2026-08-22'
  weekday: 星期六
  holiday: 1
  name: 例假日
- date: '2026-08-23'
  weekday: 星期日
  holiday: 1
  name: 例假日
- date: '2026-08-29'
  weekday: 星期六
  holiday: 1
  name: 例假日
- date: '2026-08-30'
  weekday: 星期日
  holiday: 1
  name: 例假日
- date: '2026-09-05'
  weekday: 星期六
  holiday: 1
  name: 例假日
- date: '2026-09-06'
  weekday: 星期日
  holiday: 1
  name: 例假日
- date: '2026-09-12'
  weekday: 星期六
  holiday: 1
  name: 例假日
- date: '2026-09-13'
  weekday: 星期日
  holiday: 1
  name: 例假日
- date: '2026-09-19'
  weekday: 星期六
  holiday: 1
  name: 例假日
- date: '2026-09-20'
  weekday: 星期日
  holiday: 1
  name: 例假日
- date: '2026-09-25'
  weekday: 星期五
  holiday: 1
  name: 中秋節
- date: '2026-09-26'
  weekday: 星期六
  holiday: 1
  name: 例假日
- date: '2026-09-27'
  weekday: 星期日
  holiday: 1
  name: 例假日
- date: '2026-09-28'
  weekday: 星期一
  holiday: 1
  name: 孔子誕辰紀念日/教師節
- date: '2026-10-03'
  weekday: 星期六
  holiday: 1
  name: 例假日
- date: '2026-10-04'
  weekday: 星期日
  holiday: 1
  name: 例假日
- date: '2026-10-09'
  weekday: 星期五
  holiday: 1
  name: 補假
- date: '2026-10-10'
  weekday: 星期六
  holiday: 1
  name: 國慶日
- date: '2026-10-11'
  weekday: 星期日
  holiday: 1
  name: 例假日
- date: '2026-10-17'
  weekday: 星期六
  holiday: 1
  name: 例假日
- date: '2026-10-18'
  weekday: 星期日
  holiday: 1
  name: 例假日
- date: '2026-10-24'
  weekday: 星期六
  holiday: 1
  name: 例假日
- date: '2026-10-25'
  weekday: 星期日
  holiday: 1
  name: 臺灣光復暨金門古寧頭大捷紀念日
- date: '2026-10-26'
  weekday: 星期一
  holiday: 1
  name: 補假
- date: '2026-10-31'
  weekday: 星期六
  holiday: 1
  name: 例假日
- date: '2026-11-01'
  weekday: 星期日
  holiday: 1
  name: 例假日
- date: '2026-11-07'
  weekday: 星期六
  holiday: 1
  name: 例假日
- date: '2026-11-08'
  weekday: 星期日
  holiday: 1
  name: 例假日
- date: '2026-11-14'
  weekday: 星期六
  holiday: 1
  name: 例假日
- date: '2026-11-15'
  weekday: 星期日
  holiday: 1
  name: 例假日
- date: '2026-11-21'
  weekday: 星期六
  holiday: 1
  name: 例假日
- date: '2026-11-22'
  weekday: 星期日
  holiday: 1
  name: 例假日
- date: '2026-11-28'
  weekday: 星期六
  holiday: 1
  name: 例假日
- date: '2026-11-29'
  weekday: 星期日
  holiday: 1
  name: 例假日
- date: '2026-12-05'
  weekday: 星期六
  holiday: 1
  name: 例假日
- date: '2026-12-06'
  weekday: 星期日
  holiday: 1
  name: 例假日
- date: '2026-12-12'
  weekday: 星期六
  holiday: 1
  name: 例假日
- date: '2026-12-13'
  weekday: 星期日
  holiday: 1
  name: 例假日
- date: '2026-12-19'
  weekday: 星期六
  holiday: 1
  name: 例假日
- date: '2026-12-20'
  weekday: 星期日
  holiday: 1
  name: 例假日
- date: '2026-12-25'
  weekday: 星期五
  holiday: 1
  name: 行憲紀念日
- date: '2026-12-26'
  weekday: 星期六
  holiday: 1
  name: 例假日
- date: '2026-12-27'
  weekday: 星期日
  holiday: 1
  name: 例假日
special_working_days: []
