year: 2024
generated_at: '2025-10-01 00:24:08'
holidays:
- date: '2024-01-01'
  weekday: 星期一
  holiday: 1
  name: 開國紀念日
- date: '2024-01-06'
  weekday: 星期六
  holiday: 1
  name: 例假日
- date: '2024-01-07'
  weekday: 星期日
  holiday: 1
  name: 例假日
- date: '2024-01-13'
  weekday: 星期六
  holiday: 1
  name: 例假日
- date: '2024-01-14'
  weekday: 星期日
  holiday: 1
  name: 例假日
- date: '2024-01-20'
  weekday: 星期六
  holiday: 1
  name: 例假日
- date: '2024-01-21'
  weekday: 星期日
  holiday: 1
  name: 例假日
- date: '2024-01-27'
  weekday: 星期六
  holiday: 1
  name: 例假日
- date: '2024-01-28'
  weekday: 星期日
  holiday: 1
  name: 例假日
- date: '2024-02-03'
  weekday: 星期六
  holiday: 1
  name: 例假日
- date: '2024-02-04'
  weekday: 星期日
  holiday: 1
  name: 例假日
- date: '2024-02-08'
  weekday: 星期四
  holiday: 1
  name: 小年夜
- date: '2024-02-09'
  weekday: 星期五
  holiday: 1
  name: 農曆除夕
- date: '2024-02-10'
  weekday: 星期六
  holiday: 1
  name: 春節
- date: '2024-02-11'
  weekday: 星期日
  holiday: 1
  name: 春節
- date: '2024-02-12'
  weekday: 星期一
  holiday: 1
  name: 春節
- date: '2024-02-13'
  weekday: 星期二
  holiday: 1
  name: 補假
- date: '2024-02-14'
  weekday: 星期三
  holiday: 1
  name: 補假
- date: '2024-02-18'
  weekday: 星期日
  holiday: 1
  name: 例假日
- date: '2024-02-24'
  weekday: 星期六
  holiday: 1
  name: 例假日
- date: '2024-02-25'
  weekday: 星期日
  holiday: 1
  name: 例假日
- date: '2024-02-28'
  weekday: 星期三
  holiday: 1
  name: 和平紀念日
- date: '2024-03-02'
  weekday: 星期六
  holiday: 1
  name: 例假日
- date: '2024-03-03'
  weekday: 星期日
  holiday: 1
  name: 例假日
- date: '2024-03-09'
  weekday: 星期六
  holiday: 1
  name: 例假日
- date: '2024-03-10'
  weekday: 星期日
  holiday: 1
  name: 例假日
- date: '2024-03-16'
  weekday: 星期六
  holiday: 1
  name: 例假日
- date: '2024-03-17'
  weekday: 星期日
  holiday: 1
  name: 例假日
- date: '2024-03-23'
  weekday: 星期六
  holiday: 1
  name: 例假日
- date: '2024-03-24'
  weekday: 星期日
  holiday: 1
  name: 例假日
- date: '2024-03-30'
  weekday: 星期六
  holiday: 1
  name: 例假日
- date: '2024-03-31'
  weekday: 星期日
  holiday: 1
  name: 例假日
- date: '2024-04-04'
  weekday: 星期四
  holiday: 1
  name: 兒童節及民族掃墓節
- date: '2024-04-05'
  weekday: 星期五
  holiday: 1
  name: 補假
- date: '2024-04-06'
  weekday: 星期六
  holiday: 1
  name: 例假日
- date: '2024-04-07'
  weekday: 星期日
  holiday: 1
  name: 例假日
- date: '2024-04-13'
  weekday: 星期六
  holiday: 1
  name: 例假日
- date: '2024-04-14'
  weekday: 星期日
  holiday: 1
  name: 例假日
- date: '2024-04-20'
  weekday: 星期六
  holiday: 1
  name: 例假日
- date: '2024-04-21'
  weekday: 星期日
  holiday: 1
  name: 例假日
- date: '2024-04-27'
  weekday: 星期六
  holiday: 1
  name: 例假日
- date: '2024-04-28'
  weekday: 星期日
  holiday: 1
  name: 例假日
- date: '2024-05-04'
  weekday: 星期六
  holiday: 1
  name: 例假日
- date: '2024-05-05'
  weekday: 星期日
  holiday: 1
  name: 例假日
- date: '2024-05-11'
  weekday: 星期六
  holiday: 1
  name: 例假日
- date: '2024-05-12'
  weekday: 星期日
  holiday: 1
  name: 例假日
- date: '2024-05-18'
  weekday: 星期六
  holiday: 1
  name: 例假日
- date: '2024-05-19'
  weekday: 星期日
  holiday: 1
  name: 例假日
- date: '2024-05-25'
  weekday: 星期六
  holiday: 1
  name: 例假日
- date: '2024-05-26'
  weekday: 星期日
  holiday: 1
  name: 例假日
- date: '2024-06-01'
  weekday: 星期六
  holiday: 1
  name: 例假日
- date: '2024-06-02'
  weekday: 星期日
  holiday: 1
  name: 例假日
- date: '2024-06-08'
  weekday: 星期六
  holiday: 1
  name: 例假日
- date: '2024-06-09'
  weekday: 星期日
  holiday: 1
  name: 例假日
- date: '2024-06-10'
  weekday: 星期一
  holiday: 1
  name: 端午節
- date: '2024-06-15'
  weekday: 星期六
  holiday: 1
  name: 例假日
- date: '2024-06-16'
  weekday: 星期日
  holiday: 1
  name: 例假日
- date: '2024-06-22'
  weekday: 星期六
  holiday: 1
  name: 例假日
- date: '2024-06-23'
  weekday: 星期日
  holiday: 1
  name: 例假日
- date: '2024-06-29'
  weekday: 星期六
  holiday: 1
  name: 例假日
- date: '2024-06-30'
  weekday: 星期日
  holiday: 1
  name: 例假日
- date: '2024-07-06'
  weekday: 星期六
  holiday: 1
  name: 例假日
- date: '2024-07-07'
  weekday: 星期日
  holiday: 1
  name: 例假日
- date: '2024-07-13'
  weekday: 星期六
  holiday: 1
  name: 例假日
- date: '2024-07-14'
  weekday: 星期日
  holiday: 1
  name: 例假日
- date: '2024-07-20'
  weekday: 星期六
  holiday: 1
  name: 例假日
- date: '2024-07-21'
  weekday: 星期日
  holiday: 1
  name: 例假日
- date: '2024-07-27'
  weekday: 星期六
  holiday: 1
  name: 例假日
- date: '2024-07-28'
  weekday: 星期日
  holiday: 1
  name: 例假日
- date: '2024-08-03'
  weekday: 星期六
  holiday: 1
  name: 例假日
- date: '2024-08-04'
  weekday: 星期日
  holiday: 1
  name: 例假日
- date: '2024-08-10'
  weekday: 星期六
  holiday: 1
  name: 例假日
- date: '2024-08-11'
  weekday: 星期日
  holiday: 1
  name: 例假日
- date: '2024-08-17'
  weekday: 星期六
  holiday: 1
  name: 例假日
- date: '2024-08-18'
  weekday: 星期日
  holiday: 1
  name: 例假日
- date: '2024-08-24'
  weekday: 星期六
  holiday: 1
  name: 例假日
- date: '2024-08-25'
  weekday: 星期日
  holiday: 1
  name: 例假日
- date: '2024-08-31'
  weekday: 星期六
  holiday: 1
  name: 例假日
- date: '2024-09-01'
  weekday: 星期日
  holiday: 1
  name: 例假日
- date: '2024-09-07'
  weekday: 星期六
  holiday: 1
  name: 例假日
- date: '2024-09-08'
  weekday: 星期日
  holiday: 1
  name: 例假日
- date: '2024-09-14'
  weekday: 星期六
  holiday: 1
  name: 例假日
- date: '2024-09-15'
  weekday: 星期日
  holiday: 1
  name: 例假日
- date: '2024-09-17'
  weekday: 星期二
  holiday: 1
  name: 中秋節
- date: '2024-09-21'
  weekday: 星期六
  holiday: 1
  name: 例假日
- date: '2024-09-22'
  weekday: 星期日
  holiday: 1
  name: 例假日
- date: '2024-09-28'
  weekday: 星期六
  holiday: 1
  name: 例假日
- date: '2024-09-29'
  weekday: 星期日
  holiday: 1
  name: 例假日
- date: '2024-10-05'
  weekday: 星期六
  holiday: 1
  name: 例假日
- date: '2024-10-06'
  weekday: 星期日
  holiday: 1
  name: 例假日
- date: '2024-10-10'
  weekday: 星期四
  holiday: 1
  name: 國慶日
- date: '2024-10-12'
  weekday: 星期六
  holiday: 1
  name: 例假日
- date: '2024-10-13'
  weekday: 星期日
  holiday: 1
  name: 例假日
- date: '2024-10-19'
  weekday: 星期六
  holiday: 1
  name: 例假日
- date: '2024-10-20'
  weekday: 星期日
  holiday: 1
  name: 例假日
- date: '2024-10-26'
  weekday: 星期六
  holiday: 1
  name: 例假日
- date: '2024-10-27'
  weekday: 星期日
  holiday: 1
  name: 例假日
- date: '2024-11-02'
  weekday: 星期六
  holiday: 1
  name: 例假日
- date: '2024-11-03'
  weekday: 星期日
  holiday: 1
  name: 例假日
- date: '2024-11-09'
  weekday: 星期六
  holiday: 1
  name: 例假日
- date: '2024-11-10'
  weekday: 星期日
  holiday: 1
  name: 例假日
- date: '2024-11-16'
  weekday: 星期六
  holiday: 1
  name: 例假日
- date: '2024-11-17'
  weekday: 星期日
  holiday: 1
  name: 例假日
- date: '2024-11-23'
  weekday: 星期六
  holiday: 1
  name: 例假日
- date: '2024-11-24'
  weekday: 星期日
  holiday: 1
  name: 例假日
- date: '2024-11-30'
  weekday: 星期六
  holiday: 1
  name: 例假日
- date: '2024-12-01'
  weekday: 星期日
  holiday: 1
  name: 例假日
- date: '2024-12-07'
  weekday: 星期六
  holiday: 1
  name: 例假日
- date: '2024-12-08'
  weekday: 星期日
  holiday: 1
  name: 例假日
- date: '2024-12-14'
  weekday: 星期六
  holiday: 1
  name: 例假日
- date: '2024-12-15'
  weekday: 星期日
  holiday: 1
  name: 例假日
- date: '2024-12-21'
  weekday: 星期六
  holiday: 1
  name: 例假日
- date: '2024-12-22'
  weekday: 星期日
  holiday: 1
  name: 例假日
- date: '2024-12-28'
  weekday: 星期六
  holiday: 1
  name: 例假日
- date: '2024-12-29'
  weekday: 星期日
  holiday: 1
  name: 例假日
special_working_days:
- date: '2024-02-17'
  weekday: 星期六
  holiday: 0
  note: 補行上班
